flight1,flight2
SEA-SNA,SNA-PDX
SEA-SNA,SNA-SEA
BUR-SEA,SEA-SNA
BUR-SEA,SEA-ORD
BUR-SEA,SEA-SJC
BUR-SEA,SEA-SLC
BUR-SEA,SEA-MSP
BUR-SEA,SEA-OAK
BUR-SEA,SEA-SFO
BUR-SEA,SEA-MSY
BUR-SEA,SEA-LIH
BUR-SEA,SEA-JNU
BUR-SEA,SEA-OGG
BUR-SEA,SEA-BUR
BUR-SEA,SEA-PDX
BUR-SEA,SEA-LAX
BUR-SEA,SEA-MCI
BUR-SEA,SEA-LAS
BUR-SEA,SEA-MCO
BUR-SEA,SEA-FLL
BUR-SEA,SEA-KTN
BUR-SEA,SEA-SIT
BUR-SEA,SEA-PHL
BUR-SEA,SEA-SMF
BUR-SEA,SEA-KOA
BUR-SEA,SEA-DEN
BUR-SEA,SEA-PHX
BUR-SEA,SEA-PSP
BUR-SEA,SEA-DCA
BUR-SEA,SEA-STL
BUR-SEA,SEA-IAH
BUR-SEA,SEA-ONT
BUR-SEA,SEA-FAI
BUR-SEA,SEA-EWR
BUR-SEA,SEA-GEG
BUR-SEA,SEA-SAN
BUR-SEA,SEA-ANC
BUR-SEA,SEA-TUS
BUR-SEA,SEA-DTW
BUR-SEA,SEA-HNL
BUR-SEA,SEA-ATL
SJC-SEA,SEA-DFW
SJC-SEA,SEA-SNA
SJC-SEA,SEA-ORD
SJC-SEA,SEA-SJC
SJC-SEA,SEA-SLC
SJC-SEA,SEA-MSP
SJC-SEA,SEA-OAK
SJC-SEA,SEA-SFO
SJC-SEA,SEA-MSY
SJC-SEA,SEA-LIH
SJC-SEA,SEA-JNU
SJC-SEA,SEA-BLI
SJC-SEA,SEA-IAH
SJC-SEA,SEA-OGG
SJC-SEA,SEA-BUR
SJC-SEA,SEA-PDX
SJC-SEA,SEA-LAX
SJC-SEA,SEA-MCI
SJC-SEA,SEA-LAS
SJC-SEA,SEA-MCO
SJC-SEA,SEA-FLL
SJC-SEA,SEA-KTN
SJC-SEA,SEA-SIT
SJC-SEA,SEA-PHL
SJC-SEA,SEA-SMF
SJC-SEA,SEA-BOS
SJC-SEA,SEA-KOA
SJC-SEA,SEA-DEN
SJC-SEA,SEA-PHX
SJC-SEA,SEA-PSP
SJC-SEA,SEA-IAD
SJC-SEA,SEA-DCA
SJC-SEA,SEA-STL
SJC-SEA,SEA-AUS
SJC-SEA,SEA-ONT
SJC-SEA,SEA-FAI
SJC-SEA,SEA-EWR
SJC-SEA,SEA-GEG
SJC-SEA,SEA-SAN
SJC-SEA,SEA-ANC
SJC-SEA,SEA-TUS
SJC-SEA,SEA-DTW
SJC-SEA,SEA-HNL
SJC-SEA,SEA-ATL
SJC-SEA,SEA-SAT
SEA-IAD,IAD-SEA
SIT-JNU,JNU-SEA
SIT-JNU,JNU-SIT
SIT-JNU,JNU-ANC
SIT-JNU,JNU-KTN
PDX-BOS,BOS-SAN
SEA-SFO,SFO-PDX
SEA-SFO,SFO-PSP
SEA-SFO,SFO-SLC
SEA-SFO,SFO-SEA
ORD-SEA,SEA-DFW
ORD-SEA,SEA-SNA
ORD-SEA,SEA-ORD
ORD-SEA,SEA-SJC
ORD-SEA,SEA-SLC
ORD-SEA,SEA-MSP
ORD-SEA,SEA-OAK
ORD-SEA,SEA-SFO
ORD-SEA,SEA-DCA
ORD-SEA,SEA-MSY
ORD-SEA,SEA-LIH
ORD-SEA,SEA-JNU
ORD-SEA,SEA-BLI
ORD-SEA,SEA-AUS
ORD-SEA,SEA-BUR
ORD-SEA,SEA-LAX
ORD-SEA,SEA-MCI
ORD-SEA,SEA-LAS
ORD-SEA,SEA-MCO
ORD-SEA,SEA-FLL
ORD-SEA,SEA-KTN
ORD-SEA,SEA-SIT
ORD-SEA,SEA-PHL
ORD-SEA,SEA-SMF
ORD-SEA,SEA-BOS
ORD-SEA,SEA-KOA
ORD-SEA,SEA-DEN
ORD-SEA,SEA-PHX
ORD-SEA,SEA-PSP
ORD-SEA,SEA-IAD
ORD-SEA,SEA-OGG
ORD-SEA,SEA-STL
ORD-SEA,SEA-ONT
ORD-SEA,SEA-FAI
ORD-SEA,SEA-EWR
ORD-SEA,SEA-GEG
ORD-SEA,SEA-SAN
ORD-SEA,SEA-ANC
ORD-SEA,SEA-TUS
ORD-SEA,SEA-DTW
ORD-SEA,SEA-HNL
ORD-SEA,SEA-ATL
ORD-SEA,SEA-SAT
ANC-SEA,SEA-DFW
ANC-SEA,SEA-SNA
ANC-SEA,SEA-ORD
ANC-SEA,SEA-SJC
ANC-SEA,SEA-SLC
ANC-SEA,SEA-MSP
ANC-SEA,SEA-OAK
ANC-SEA,SEA-SFO
ANC-SEA,SEA-MSY
ANC-SEA,SEA-LIH
ANC-SEA,SEA-JNU
ANC-SEA,SEA-BLI
ANC-SEA,SEA-OGG
ANC-SEA,SEA-BUR
ANC-SEA,SEA-PDX
ANC-SEA,SEA-LAX
ANC-SEA,SEA-MCI
ANC-SEA,SEA-LAS
ANC-SEA,SEA-MCO
ANC-SEA,SEA-FLL
ANC-SEA,SEA-KTN
ANC-SEA,SEA-SIT
ANC-SEA,SEA-PHL
ANC-SEA,SEA-SMF
ANC-SEA,SEA-BOS
ANC-SEA,SEA-KOA
ANC-SEA,SEA-DEN
ANC-SEA,SEA-PHX
ANC-SEA,SEA-PSP
ANC-SEA,SEA-IAD
ANC-SEA,SEA-DCA
ANC-SEA,SEA-STL
ANC-SEA,SEA-IAH
ANC-SEA,SEA-ONT
ANC-SEA,SEA-FAI
ANC-SEA,SEA-EWR
ANC-SEA,SEA-GEG
ANC-SEA,SEA-SAN
ANC-SEA,SEA-ANC
ANC-SEA,SEA-TUS
ANC-SEA,SEA-AUS
ANC-SEA,SEA-DTW
ANC-SEA,SEA-HNL
ANC-SEA,SEA-ATL
ANC-SEA,SEA-SAT
SEA-LIH,LIH-OAK
SEA-LIH,LIH-SEA
SEA-LIH,LIH-SJC
FLL-SEA,SEA-DFW
FLL-SEA,SEA-SNA
FLL-SEA,SEA-ORD
FLL-SEA,SEA-SJC
FLL-SEA,SEA-SLC
FLL-SEA,SEA-OAK
FLL-SEA,SEA-SFO
FLL-SEA,SEA-MSY
FLL-SEA,SEA-LIH
FLL-SEA,SEA-OGG
FLL-SEA,SEA-BUR
FLL-SEA,SEA-PDX
FLL-SEA,SEA-LAX
FLL-SEA,SEA-LAS
FLL-SEA,SEA-MCO
FLL-SEA,SEA-FLL
FLL-SEA,SEA-KTN
FLL-SEA,SEA-PHL
FLL-SEA,SEA-SMF
FLL-SEA,SEA-BOS
FLL-SEA,SEA-KOA
FLL-SEA,SEA-DEN
FLL-SEA,SEA-PHX
FLL-SEA,SEA-PSP
FLL-SEA,SEA-IAD
FLL-SEA,SEA-DCA
FLL-SEA,SEA-ONT
FLL-SEA,SEA-FAI
FLL-SEA,SEA-EWR
FLL-SEA,SEA-GEG
FLL-SEA,SEA-SAN
FLL-SEA,SEA-ANC
FLL-SEA,SEA-DTW
FLL-SEA,SEA-HNL
ANC-CDV,CDV-YAK
ANC-ADQ,ADQ-ANC
SMF-OGG,OGG-SEA
SMF-OGG,OGG-SJC
LAS-SEA,SEA-DFW
LAS-SEA,SEA-SNA
LAS-SEA,SEA-ORD
LAS-SEA,SEA-SJC
LAS-SEA,SEA-SLC
LAS-SEA,SEA-MSP
LAS-SEA,SEA-OAK
LAS-SEA,SEA-SFO
LAS-SEA,SEA-DCA
LAS-SEA,SEA-MSY
LAS-SEA,SEA-LIH
LAS-SEA,SEA-JNU
LAS-SEA,SEA-BLI
LAS-SEA,SEA-OGG
LAS-SEA,SEA-BUR
LAS-SEA,SEA-PDX
LAS-SEA,SEA-LAX
LAS-SEA,SEA-MCI
LAS-SEA,SEA-LAS
LAS-SEA,SEA-MCO
LAS-SEA,SEA-FLL
LAS-SEA,SEA-KTN
LAS-SEA,SEA-SIT
LAS-SEA,SEA-PHL
LAS-SEA,SEA-SMF
LAS-SEA,SEA-BOS
LAS-SEA,SEA-KOA
LAS-SEA,SEA-DEN
LAS-SEA,SEA-PHX
LAS-SEA,SEA-PSP
LAS-SEA,SEA-AUS
LAS-SEA,SEA-STL
LAS-SEA,SEA-IAH
LAS-SEA,SEA-ONT
LAS-SEA,SEA-FAI
LAS-SEA,SEA-EWR
LAS-SEA,SEA-GEG
LAS-SEA,SEA-SAN
LAS-SEA,SEA-ANC
LAS-SEA,SEA-TUS
LAS-SEA,SEA-DTW
LAS-SEA,SEA-HNL
LAS-SEA,SEA-ATL
LAS-SEA,SEA-SAT
SEA-OGG,OGG-ANC
SEA-OGG,OGG-SAN
SEA-OGG,OGG-SEA
SEA-OGG,OGG-PDX
IAH-SEA,SEA-DFW
IAH-SEA,SEA-SNA
IAH-SEA,SEA-ORD
IAH-SEA,SEA-SJC
IAH-SEA,SEA-OAK
IAH-SEA,SEA-SFO
IAH-SEA,SEA-MSY
IAH-SEA,SEA-BLI
IAH-SEA,SEA-FAI
IAH-SEA,SEA-LAX
IAH-SEA,SEA-LAS
IAH-SEA,SEA-MCO
IAH-SEA,SEA-FLL
IAH-SEA,SEA-PHL
IAH-SEA,SEA-SMF
IAH-SEA,SEA-BOS
IAH-SEA,SEA-PHX
IAH-SEA,SEA-PSP
IAH-SEA,SEA-IAD
IAH-SEA,SEA-ONT
IAH-SEA,SEA-PDX
IAH-SEA,SEA-EWR
IAH-SEA,SEA-GEG
IAH-SEA,SEA-SAN
IAH-SEA,SEA-ANC
IAH-SEA,SEA-HNL
IAH-SEA,SEA-ATL
SEA-LAX,LAX-SLC
SEA-LAX,LAX-PDX
SEA-LAX,LAX-BWI
SEA-LAX,LAX-SEA
SEA-LAX,LAX-ANC
SEA-LAX,LAX-DCA
CDV-YAK,YAK-JNU
SEA-LAS,LAS-PDX
SEA-LAS,LAS-SEA
SEA-LAS,LAS-BLI
YAK-CDV,CDV-ANC
SLC-SEA,SEA-DFW
SLC-SEA,SEA-SNA
SLC-SEA,SEA-ORD
SLC-SEA,SEA-SJC
SLC-SEA,SEA-SLC
SLC-SEA,SEA-MSP
SLC-SEA,SEA-OAK
SLC-SEA,SEA-SFO
SLC-SEA,SEA-LIH
SLC-SEA,SEA-JNU
SLC-SEA,SEA-BLI
SLC-SEA,SEA-AUS
SLC-SEA,SEA-BUR
SLC-SEA,SEA-PDX
SLC-SEA,SEA-LAX
SLC-SEA,SEA-LAS
SLC-SEA,SEA-FLL
SLC-SEA,SEA-KTN
SLC-SEA,SEA-SIT
SLC-SEA,SEA-SMF
SLC-SEA,SEA-BOS
SLC-SEA,SEA-DEN
SLC-SEA,SEA-PHX
SLC-SEA,SEA-PSP
SLC-SEA,SEA-DCA
SLC-SEA,SEA-STL
SLC-SEA,SEA-IAH
SLC-SEA,SEA-ONT
SLC-SEA,SEA-FAI
SLC-SEA,SEA-EWR
SLC-SEA,SEA-GEG
SLC-SEA,SEA-SAN
SLC-SEA,SEA-ANC
SLC-SEA,SEA-TUS
SLC-SEA,SEA-HNL
SLC-SEA,SEA-OGG
LAX-SLC,SLC-SEA
SFO-PSP,PSP-SEA
SFO-PSP,PSP-SFO
LAX-ANC,ANC-PDX
LAX-ANC,ANC-JNU
LAX-ANC,ANC-CDV
LAX-ANC,ANC-SEA
LAX-ANC,ANC-LAX
LAX-ANC,ANC-SCC
PDX-PSP,PSP-PDX
PDX-PSP,PSP-SEA
OGG-ANC,ANC-FAI
OGG-ANC,ANC-PDX
OGG-ANC,ANC-JNU
OGG-ANC,ANC-SEA
OGG-ANC,ANC-LAX
OGG-ANC,ANC-SCC
SJC-PDX,PDX-PSP
SJC-PDX,PDX-SFO
SJC-PDX,PDX-PHX
SJC-PDX,PDX-DFW
SJC-PDX,PDX-LAS
SJC-PDX,PDX-BOS
SJC-PDX,PDX-SAN
SJC-PDX,PDX-LAX
SJC-PDX,PDX-SNA
SJC-PDX,PDX-SJC
PSP-PDX,PDX-LAS
PSP-PDX,PDX-SFO
PSP-PDX,PDX-PHX
PSP-PDX,PDX-SAN
PSP-PDX,PDX-LAX
PSP-PDX,PDX-SNA
PSP-PDX,PDX-SJC
SEA-PDX,PDX-PSP
SEA-PDX,PDX-LAS
SEA-PDX,PDX-SNA
SEA-PDX,PDX-SFO
SEA-PDX,PDX-PHX
SEA-PDX,PDX-DFW
SEA-PDX,PDX-BOS
SEA-PDX,PDX-SAN
SEA-PDX,PDX-LAX
SEA-PDX,PDX-SJC
LAS-PDX,PDX-LAS
LAS-PDX,PDX-PSP
LAS-PDX,PDX-SFO
LAS-PDX,PDX-PHX
LAS-PDX,PDX-BOS
LAS-PDX,PDX-SNA
LAS-PDX,PDX-SJC
LAS-PDX,PDX-SAN
LAS-PDX,PDX-LAX
LAS-PDX,PDX-DFW
ANC-BET,BET-ANC
ANC-AKN,AKN-ANC
ONT-SEA,SEA-DFW
ONT-SEA,SEA-SNA
ONT-SEA,SEA-ORD
ONT-SEA,SEA-SJC
ONT-SEA,SEA-SLC
ONT-SEA,SEA-MSP
ONT-SEA,SEA-OAK
ONT-SEA,SEA-SFO
ONT-SEA,SEA-MSY
ONT-SEA,SEA-JNU
ONT-SEA,SEA-OGG
ONT-SEA,SEA-BUR
ONT-SEA,SEA-PDX
ONT-SEA,SEA-LAX
ONT-SEA,SEA-MCI
ONT-SEA,SEA-LAS
ONT-SEA,SEA-MCO
ONT-SEA,SEA-KTN
ONT-SEA,SEA-PHL
ONT-SEA,SEA-SMF
ONT-SEA,SEA-BOS
ONT-SEA,SEA-KOA
ONT-SEA,SEA-DEN
ONT-SEA,SEA-PHX
ONT-SEA,SEA-PSP
ONT-SEA,SEA-IAD
ONT-SEA,SEA-DCA
ONT-SEA,SEA-AUS
ONT-SEA,SEA-ONT
ONT-SEA,SEA-FAI
ONT-SEA,SEA-EWR
ONT-SEA,SEA-GEG
ONT-SEA,SEA-SAN
ONT-SEA,SEA-ANC
ONT-SEA,SEA-TUS
ONT-SEA,SEA-DTW
ONT-SEA,SEA-HNL
ONT-SEA,SEA-ATL
ONT-SEA,SEA-SAT
JNU-SIT,SIT-SEA
JNU-SIT,SIT-KTN
JNU-SIT,SIT-JNU
OAK-SEA,SEA-DFW
OAK-SEA,SEA-SNA
OAK-SEA,SEA-ORD
OAK-SEA,SEA-SJC
OAK-SEA,SEA-SLC
OAK-SEA,SEA-MSP
OAK-SEA,SEA-OAK
OAK-SEA,SEA-SFO
OAK-SEA,SEA-DCA
OAK-SEA,SEA-LIH
OAK-SEA,SEA-JNU
OAK-SEA,SEA-BLI
OAK-SEA,SEA-OGG
OAK-SEA,SEA-BUR
OAK-SEA,SEA-FAI
OAK-SEA,SEA-LAX
OAK-SEA,SEA-MCI
OAK-SEA,SEA-LAS
OAK-SEA,SEA-MCO
OAK-SEA,SEA-FLL
OAK-SEA,SEA-KTN
OAK-SEA,SEA-SIT
OAK-SEA,SEA-PHL
OAK-SEA,SEA-SMF
OAK-SEA,SEA-BOS
OAK-SEA,SEA-KOA
OAK-SEA,SEA-DEN
OAK-SEA,SEA-PHX
OAK-SEA,SEA-PSP
OAK-SEA,SEA-IAD
OAK-SEA,SEA-AUS
OAK-SEA,SEA-STL
OAK-SEA,SEA-IAH
OAK-SEA,SEA-ONT
OAK-SEA,SEA-PDX
OAK-SEA,SEA-EWR
OAK-SEA,SEA-GEG
OAK-SEA,SEA-SAN
OAK-SEA,SEA-ANC
OAK-SEA,SEA-TUS
OAK-SEA,SEA-DTW
OAK-SEA,SEA-HNL
OAK-SEA,SEA-ATL
SEA-DTW,DTW-SEA
SEA-ATL,ATL-SEA
FAI-SEA,SEA-DFW
FAI-SEA,SEA-SNA
FAI-SEA,SEA-ORD
FAI-SEA,SEA-SJC
FAI-SEA,SEA-SLC
FAI-SEA,SEA-MSP
FAI-SEA,SEA-OAK
FAI-SEA,SEA-SFO
FAI-SEA,SEA-DCA
FAI-SEA,SEA-MSY
FAI-SEA,SEA-LIH
FAI-SEA,SEA-JNU
FAI-SEA,SEA-OGG
FAI-SEA,SEA-BUR
FAI-SEA,SEA-PDX
FAI-SEA,SEA-LAX
FAI-SEA,SEA-MCI
FAI-SEA,SEA-LAS
FAI-SEA,SEA-MCO
FAI-SEA,SEA-FLL
FAI-SEA,SEA-KTN
FAI-SEA,SEA-SIT
FAI-SEA,SEA-PHL
FAI-SEA,SEA-SMF
FAI-SEA,SEA-BOS
FAI-SEA,SEA-DEN
FAI-SEA,SEA-PHX
FAI-SEA,SEA-PSP
FAI-SEA,SEA-IAD
FAI-SEA,SEA-AUS
FAI-SEA,SEA-STL
FAI-SEA,SEA-IAH
FAI-SEA,SEA-ONT
FAI-SEA,SEA-FAI
FAI-SEA,SEA-EWR
FAI-SEA,SEA-GEG
FAI-SEA,SEA-SAN
FAI-SEA,SEA-ANC
FAI-SEA,SEA-TUS
FAI-SEA,SEA-DTW
FAI-SEA,SEA-HNL
FAI-SEA,SEA-ATL
FAI-SEA,SEA-SAT
FAI-ANC,ANC-OTZ
FAI-ANC,ANC-BET
FAI-ANC,ANC-FAI
FAI-ANC,ANC-PDX
FAI-ANC,ANC-JNU
FAI-ANC,ANC-AKN
FAI-ANC,ANC-CDV
FAI-ANC,ANC-SEA
FAI-ANC,ANC-OME
FAI-ANC,ANC-LAX
FAI-ANC,ANC-SCC
FAI-ANC,ANC-ADQ
ATL-SEA,SEA-DFW
ATL-SEA,SEA-SNA
ATL-SEA,SEA-ORD
ATL-SEA,SEA-SJC
ATL-SEA,SEA-SLC
ATL-SEA,SEA-MSP
ATL-SEA,SEA-OAK
ATL-SEA,SEA-SFO
ATL-SEA,SEA-MSY
ATL-SEA,SEA-LIH
ATL-SEA,SEA-JNU
ATL-SEA,SEA-BLI
ATL-SEA,SEA-AUS
ATL-SEA,SEA-BUR
ATL-SEA,SEA-FAI
ATL-SEA,SEA-LAX
ATL-SEA,SEA-MCI
ATL-SEA,SEA-LAS
ATL-SEA,SEA-MCO
ATL-SEA,SEA-PHL
ATL-SEA,SEA-SMF
ATL-SEA,SEA-BOS
ATL-SEA,SEA-KOA
ATL-SEA,SEA-DEN
ATL-SEA,SEA-PHX
ATL-SEA,SEA-PSP
ATL-SEA,SEA-IAD
ATL-SEA,SEA-DCA
ATL-SEA,SEA-IAH
ATL-SEA,SEA-PDX
ATL-SEA,SEA-EWR
ATL-SEA,SEA-GEG
ATL-SEA,SEA-SAN
ATL-SEA,SEA-ANC
ATL-SEA,SEA-TUS
ATL-SEA,SEA-DTW
ATL-SEA,SEA-HNL
ATL-SEA,SEA-ATL
SEA-SIT,SIT-SEA
SEA-SIT,SIT-JNU
WRG-PSG,PSG-JNU
BLI-SEA,SEA-SNA
BLI-SEA,SEA-ORD
BLI-SEA,SEA-SJC
BLI-SEA,SEA-SLC
BLI-SEA,SEA-MSP
BLI-SEA,SEA-OAK
BLI-SEA,SEA-SFO
BLI-SEA,SEA-JNU
BLI-SEA,SEA-LAX
BLI-SEA,SEA-LAS
BLI-SEA,SEA-MCO
BLI-SEA,SEA-KTN
BLI-SEA,SEA-SMF
BLI-SEA,SEA-PHX
BLI-SEA,SEA-PSP
BLI-SEA,SEA-ONT
BLI-SEA,SEA-PDX
BLI-SEA,SEA-GEG
BLI-SEA,SEA-SAN
BLI-SEA,SEA-ANC
BLI-SEA,SEA-HNL
ANC-OTZ,OTZ-ANC
ANC-OTZ,OTZ-OME
MSP-SEA,SEA-DFW
MSP-SEA,SEA-SNA
MSP-SEA,SEA-ORD
MSP-SEA,SEA-SJC
MSP-SEA,SEA-SLC
MSP-SEA,SEA-MSP
MSP-SEA,SEA-OAK
MSP-SEA,SEA-SFO
MSP-SEA,SEA-MSY
MSP-SEA,SEA-LIH
MSP-SEA,SEA-JNU
MSP-SEA,SEA-OGG
MSP-SEA,SEA-BUR
MSP-SEA,SEA-PDX
MSP-SEA,SEA-LAX
MSP-SEA,SEA-MCI
MSP-SEA,SEA-LAS
MSP-SEA,SEA-KTN
MSP-SEA,SEA-PHL
MSP-SEA,SEA-SMF
MSP-SEA,SEA-BOS
MSP-SEA,SEA-KOA
MSP-SEA,SEA-DEN
MSP-SEA,SEA-PHX
MSP-SEA,SEA-PSP
MSP-SEA,SEA-IAD
MSP-SEA,SEA-AUS
MSP-SEA,SEA-STL
MSP-SEA,SEA-IAH
MSP-SEA,SEA-ONT
MSP-SEA,SEA-FAI
MSP-SEA,SEA-EWR
MSP-SEA,SEA-GEG
MSP-SEA,SEA-SAN
MSP-SEA,SEA-ANC
MSP-SEA,SEA-TUS
MSP-SEA,SEA-DTW
MSP-SEA,SEA-HNL
MSP-SEA,SEA-ATL
OGG-SEA,SEA-DFW
OGG-SEA,SEA-SNA
OGG-SEA,SEA-ORD
OGG-SEA,SEA-SJC
OGG-SEA,SEA-SLC
OGG-SEA,SEA-MSP
OGG-SEA,SEA-OAK
OGG-SEA,SEA-SFO
OGG-SEA,SEA-LIH
OGG-SEA,SEA-JNU
OGG-SEA,SEA-OGG
OGG-SEA,SEA-BUR
OGG-SEA,SEA-PDX
OGG-SEA,SEA-LAX
OGG-SEA,SEA-LAS
OGG-SEA,SEA-MCO
OGG-SEA,SEA-FLL
OGG-SEA,SEA-PHL
OGG-SEA,SEA-SMF
OGG-SEA,SEA-BOS
OGG-SEA,SEA-KOA
OGG-SEA,SEA-DEN
OGG-SEA,SEA-PHX
OGG-SEA,SEA-PSP
OGG-SEA,SEA-IAD
OGG-SEA,SEA-DCA
OGG-SEA,SEA-STL
OGG-SEA,SEA-IAH
OGG-SEA,SEA-ONT
OGG-SEA,SEA-FAI
OGG-SEA,SEA-GEG
OGG-SEA,SEA-SAN
OGG-SEA,SEA-ANC
OGG-SEA,SEA-TUS
OGG-SEA,SEA-DTW
OGG-SEA,SEA-HNL
SEA-JNU,JNU-GST
SEA-JNU,JNU-SEA
SEA-JNU,JNU-KTN
SEA-JNU,JNU-SIT
SEA-JNU,JNU-ANC
SEA-JNU,JNU-YAK
KTN-WRG,WRG-PSG
SAT-SEA,SEA-DFW
SAT-SEA,SEA-SNA
SAT-SEA,SEA-ORD
SAT-SEA,SEA-SJC
SAT-SEA,SEA-SLC
SAT-SEA,SEA-MSP
SAT-SEA,SEA-OAK
SAT-SEA,SEA-SFO
SAT-SEA,SEA-MSY
SAT-SEA,SEA-LIH
SAT-SEA,SEA-JNU
SAT-SEA,SEA-OGG
SAT-SEA,SEA-BUR
SAT-SEA,SEA-FAI
SAT-SEA,SEA-LAX
SAT-SEA,SEA-MCI
SAT-SEA,SEA-LAS
SAT-SEA,SEA-MCO
SAT-SEA,SEA-FLL
SAT-SEA,SEA-PHL
SAT-SEA,SEA-SMF
SAT-SEA,SEA-BOS
SAT-SEA,SEA-KOA
SAT-SEA,SEA-DEN
SAT-SEA,SEA-PHX
SAT-SEA,SEA-PSP
SAT-SEA,SEA-IAD
SAT-SEA,SEA-DCA
SAT-SEA,SEA-IAH
SAT-SEA,SEA-ONT
SAT-SEA,SEA-PDX
SAT-SEA,SEA-EWR
SAT-SEA,SEA-GEG
SAT-SEA,SEA-SAN
SAT-SEA,SEA-ANC
SAT-SEA,SEA-TUS
SAT-SEA,SEA-DTW
SAT-SEA,SEA-HNL
SAT-SEA,SEA-ATL
SAT-SEA,SEA-SAT
KTN-JNU,JNU-KTN
KTN-JNU,JNU-SIT
KTN-JNU,JNU-SEA
KTN-JNU,JNU-ANC
ADQ-ANC,ANC-BET
ADQ-ANC,ANC-FAI
ADQ-ANC,ANC-PDX
ADQ-ANC,ANC-JNU
ADQ-ANC,ANC-OTZ
ADQ-ANC,ANC-SCC
ADQ-ANC,ANC-OME
ADQ-ANC,ANC-SEA
ADQ-ANC,ANC-CDV
ADQ-ANC,ANC-ADQ
LIH-SEA,SEA-DFW
LIH-SEA,SEA-SNA
LIH-SEA,SEA-ORD
LIH-SEA,SEA-SJC
LIH-SEA,SEA-SLC
LIH-SEA,SEA-MSP
LIH-SEA,SEA-OAK
LIH-SEA,SEA-SFO
LIH-SEA,SEA-MSY
LIH-SEA,SEA-LIH
LIH-SEA,SEA-JNU
LIH-SEA,SEA-OGG
LIH-SEA,SEA-BUR
LIH-SEA,SEA-PDX
LIH-SEA,SEA-LAX
LIH-SEA,SEA-LAS
LIH-SEA,SEA-MCO
LIH-SEA,SEA-FLL
LIH-SEA,SEA-KTN
LIH-SEA,SEA-SIT
LIH-SEA,SEA-PHL
LIH-SEA,SEA-SMF
LIH-SEA,SEA-BOS
LIH-SEA,SEA-KOA
LIH-SEA,SEA-DEN
LIH-SEA,SEA-PHX
LIH-SEA,SEA-IAD
LIH-SEA,SEA-DCA
LIH-SEA,SEA-IAH
LIH-SEA,SEA-ONT
LIH-SEA,SEA-FAI
LIH-SEA,SEA-GEG
LIH-SEA,SEA-SAN
LIH-SEA,SEA-ANC
LIH-SEA,SEA-TUS
LIH-SEA,SEA-DTW
LIH-SEA,SEA-HNL
LIH-SEA,SEA-ATL
LIH-SEA,SEA-SAT
SFO-SEA,SEA-DFW
SFO-SEA,SEA-SNA
SFO-SEA,SEA-ORD
SFO-SEA,SEA-SJC
SFO-SEA,SEA-SLC
SFO-SEA,SEA-MSP
SFO-SEA,SEA-OAK
SFO-SEA,SEA-SFO
SFO-SEA,SEA-DCA
SFO-SEA,SEA-MSY
SFO-SEA,SEA-LIH
SFO-SEA,SEA-JNU
SFO-SEA,SEA-BLI
SFO-SEA,SEA-OGG
SFO-SEA,SEA-BUR
SFO-SEA,SEA-PDX
SFO-SEA,SEA-LAX
SFO-SEA,SEA-MCI
SFO-SEA,SEA-LAS
SFO-SEA,SEA-MCO
SFO-SEA,SEA-FLL
SFO-SEA,SEA-KTN
SFO-SEA,SEA-SIT
SFO-SEA,SEA-PHL
SFO-SEA,SEA-SMF
SFO-SEA,SEA-BOS
SFO-SEA,SEA-KOA
SFO-SEA,SEA-DEN
SFO-SEA,SEA-PHX
SFO-SEA,SEA-PSP
SFO-SEA,SEA-IAD
SFO-SEA,SEA-AUS
SFO-SEA,SEA-STL
SFO-SEA,SEA-IAH
SFO-SEA,SEA-ONT
SFO-SEA,SEA-FAI
SFO-SEA,SEA-EWR
SFO-SEA,SEA-GEG
SFO-SEA,SEA-SAN
SFO-SEA,SEA-ANC
SFO-SEA,SEA-TUS
SFO-SEA,SEA-DTW
SFO-SEA,SEA-HNL
SFO-SEA,SEA-ATL
SFO-SEA,SEA-SAT
OTZ-OME,OME-ANC
ANC-OME,OME-OTZ
ANC-OME,OME-ANC
PHX-SEA,SEA-DFW
PHX-SEA,SEA-SNA
PHX-SEA,SEA-ORD
PHX-SEA,SEA-SJC
PHX-SEA,SEA-SLC
PHX-SEA,SEA-MSP
PHX-SEA,SEA-OAK
PHX-SEA,SEA-SFO
PHX-SEA,SEA-MSY
PHX-SEA,SEA-LIH
PHX-SEA,SEA-JNU
PHX-SEA,SEA-BLI
PHX-SEA,SEA-AUS
PHX-SEA,SEA-BUR
PHX-SEA,SEA-PDX
PHX-SEA,SEA-LAX
PHX-SEA,SEA-MCI
PHX-SEA,SEA-LAS
PHX-SEA,SEA-MCO
PHX-SEA,SEA-FLL
PHX-SEA,SEA-KTN
PHX-SEA,SEA-SIT
PHX-SEA,SEA-PHL
PHX-SEA,SEA-SMF
PHX-SEA,SEA-BOS
PHX-SEA,SEA-KOA
PHX-SEA,SEA-DEN
PHX-SEA,SEA-PHX
PHX-SEA,SEA-PSP
PHX-SEA,SEA-IAD
PHX-SEA,SEA-DCA
PHX-SEA,SEA-STL
PHX-SEA,SEA-IAH
PHX-SEA,SEA-ONT
PHX-SEA,SEA-FAI
PHX-SEA,SEA-EWR
PHX-SEA,SEA-GEG
PHX-SEA,SEA-SAN
PHX-SEA,SEA-ANC
PHX-SEA,SEA-TUS
PHX-SEA,SEA-DTW
PHX-SEA,SEA-HNL
PHX-SEA,SEA-ATL
PHX-SEA,SEA-SAT
PHX-SEA,SEA-OGG
SEA-SMF,SMF-SEA
SEA-SMF,SMF-OGG
PDX-DFW,DFW-PDX
PDX-DFW,DFW-SEA
PDX-SFO,SFO-PDX
PDX-SFO,SFO-PSP
PDX-SFO,SFO-SLC
PDX-SFO,SFO-SEA
SAN-SEA,SEA-DFW
SAN-SEA,SEA-SNA
SAN-SEA,SEA-ORD
SAN-SEA,SEA-SJC
SAN-SEA,SEA-SLC
SAN-SEA,SEA-MSP
SAN-SEA,SEA-OAK
SAN-SEA,SEA-SFO
SAN-SEA,SEA-MSY
SAN-SEA,SEA-LIH
SAN-SEA,SEA-JNU
SAN-SEA,SEA-BLI
SAN-SEA,SEA-AUS
SAN-SEA,SEA-BUR
SAN-SEA,SEA-PDX
SAN-SEA,SEA-LAX
SAN-SEA,SEA-MCI
SAN-SEA,SEA-LAS
SAN-SEA,SEA-MCO
SAN-SEA,SEA-FLL
SAN-SEA,SEA-KTN
SAN-SEA,SEA-SIT
SAN-SEA,SEA-PHL
SAN-SEA,SEA-SMF
SAN-SEA,SEA-BOS
SAN-SEA,SEA-KOA
SAN-SEA,SEA-DEN
SAN-SEA,SEA-PHX
SAN-SEA,SEA-PSP
SAN-SEA,SEA-IAD
SAN-SEA,SEA-DCA
SAN-SEA,SEA-STL
SAN-SEA,SEA-IAH
SAN-SEA,SEA-ONT
SAN-SEA,SEA-FAI
SAN-SEA,SEA-EWR
SAN-SEA,SEA-GEG
SAN-SEA,SEA-SAN
SAN-SEA,SEA-ANC
SAN-SEA,SEA-TUS
SAN-SEA,SEA-DTW
SAN-SEA,SEA-HNL
SAN-SEA,SEA-ATL
SAN-SEA,SEA-SAT
SAN-SEA,SEA-OGG
HNL-SJC,SJC-SEA
HNL-SJC,SJC-PDX
SCC-BRW,BRW-FAI
SCC-BRW,BRW-ANC
SEA-KOA,KOA-SJC
BET-ANC,ANC-BET
BET-ANC,ANC-FAI
BET-ANC,ANC-PDX
BET-ANC,ANC-JNU
BET-ANC,ANC-OTZ
BET-ANC,ANC-AKN
BET-ANC,ANC-SCC
BET-ANC,ANC-ADQ
BET-ANC,ANC-OME
BET-ANC,ANC-SEA
BET-ANC,ANC-LAX
BET-ANC,ANC-CDV
SEA-DEN,DEN-SEA
SEA-PSP,PSP-PDX
SEA-PSP,PSP-SEA
SEA-PSP,PSP-SFO
JNU-ANC,ANC-BET
JNU-ANC,ANC-FAI
JNU-ANC,ANC-PDX
JNU-ANC,ANC-JNU
JNU-ANC,ANC-AKN
JNU-ANC,ANC-OTZ
JNU-ANC,ANC-SCC
JNU-ANC,ANC-OME
JNU-ANC,ANC-SEA
JNU-ANC,ANC-LAX
JNU-ANC,ANC-CDV
JNU-ANC,ANC-ADQ
WRG-KTN,KTN-SEA
SNA-SEA,SEA-DFW
SNA-SEA,SEA-SNA
SNA-SEA,SEA-ORD
SNA-SEA,SEA-SJC
SNA-SEA,SEA-SLC
SNA-SEA,SEA-MSP
SNA-SEA,SEA-OAK
SNA-SEA,SEA-SFO
SNA-SEA,SEA-DCA
SNA-SEA,SEA-MSY
SNA-SEA,SEA-LIH
SNA-SEA,SEA-JNU
SNA-SEA,SEA-BLI
SNA-SEA,SEA-OGG
SNA-SEA,SEA-BUR
SNA-SEA,SEA-PDX
SNA-SEA,SEA-LAX
SNA-SEA,SEA-MCI
SNA-SEA,SEA-LAS
SNA-SEA,SEA-MCO
SNA-SEA,SEA-FLL
SNA-SEA,SEA-KTN
SNA-SEA,SEA-SIT
SNA-SEA,SEA-PHL
SNA-SEA,SEA-SMF
SNA-SEA,SEA-BOS
SNA-SEA,SEA-KOA
SNA-SEA,SEA-DEN
SNA-SEA,SEA-PHX
SNA-SEA,SEA-PSP
SNA-SEA,SEA-IAD
SNA-SEA,SEA-AUS
SNA-SEA,SEA-STL
SNA-SEA,SEA-IAH
SNA-SEA,SEA-ONT
SNA-SEA,SEA-FAI
SNA-SEA,SEA-EWR
SNA-SEA,SEA-GEG
SNA-SEA,SEA-SAN
SNA-SEA,SEA-ANC
SNA-SEA,SEA-TUS
SNA-SEA,SEA-DTW
SNA-SEA,SEA-HNL
SNA-SEA,SEA-ATL
SNA-SEA,SEA-SAT
ANC-LAX,LAX-SEA
ANC-LAX,LAX-PDX
SEA-ONT,ONT-SEA
ANC-SCC,SCC-BRW
ORD-ANC,ANC-PDX
ORD-ANC,ANC-SEA
ORD-ANC,ANC-LAX
ORD-ANC,ANC-SCC
SEA-ANC,ANC-FAI
SEA-ANC,ANC-BET
SEA-ANC,ANC-PDX
SEA-ANC,ANC-OTZ
SEA-ANC,ANC-AKN
SEA-ANC,ANC-JNU
SEA-ANC,ANC-OME
SEA-ANC,ANC-SEA
SEA-ANC,ANC-LAX
SEA-ANC,ANC-CDV
SEA-ANC,ANC-SCC
SEA-ANC,ANC-ADQ
MCI-SEA,SEA-DFW
MCI-SEA,SEA-SNA
MCI-SEA,SEA-SJC
MCI-SEA,SEA-SLC
MCI-SEA,SEA-MSP
MCI-SEA,SEA-OAK
MCI-SEA,SEA-SFO
MCI-SEA,SEA-JNU
MCI-SEA,SEA-BLI
MCI-SEA,SEA-OGG
MCI-SEA,SEA-BUR
MCI-SEA,SEA-PDX
MCI-SEA,SEA-LAX
MCI-SEA,SEA-MCI
MCI-SEA,SEA-LAS
MCI-SEA,SEA-MCO
MCI-SEA,SEA-FLL
MCI-SEA,SEA-PHL
MCI-SEA,SEA-SMF
MCI-SEA,SEA-BOS
MCI-SEA,SEA-KOA
MCI-SEA,SEA-DEN
MCI-SEA,SEA-PHX
MCI-SEA,SEA-PSP
MCI-SEA,SEA-DCA
MCI-SEA,SEA-STL
MCI-SEA,SEA-ONT
MCI-SEA,SEA-FAI
MCI-SEA,SEA-EWR
MCI-SEA,SEA-GEG
MCI-SEA,SEA-SAN
MCI-SEA,SEA-ANC
MCI-SEA,SEA-TUS
MCI-SEA,SEA-DTW
MCI-SEA,SEA-HNL
MCI-SEA,SEA-ATL
MCI-SEA,SEA-SAT
SEA-HNL,HNL-OAK
SEA-HNL,HNL-SEA
SEA-HNL,HNL-SJC
SEA-HNL,HNL-SAN
DEN-SEA,SEA-DFW
DEN-SEA,SEA-SNA
DEN-SEA,SEA-ORD
DEN-SEA,SEA-SJC
DEN-SEA,SEA-SLC
DEN-SEA,SEA-MSP
DEN-SEA,SEA-OAK
DEN-SEA,SEA-SFO
DEN-SEA,SEA-MSY
DEN-SEA,SEA-LIH
DEN-SEA,SEA-JNU
DEN-SEA,SEA-IAH
DEN-SEA,SEA-OGG
DEN-SEA,SEA-BUR
DEN-SEA,SEA-PDX
DEN-SEA,SEA-LAX
DEN-SEA,SEA-MCI
DEN-SEA,SEA-LAS
DEN-SEA,SEA-MCO
DEN-SEA,SEA-FLL
DEN-SEA,SEA-KTN
DEN-SEA,SEA-SIT
DEN-SEA,SEA-PHL
DEN-SEA,SEA-SMF
DEN-SEA,SEA-BOS
DEN-SEA,SEA-KOA
DEN-SEA,SEA-DEN
DEN-SEA,SEA-PHX
DEN-SEA,SEA-PSP
DEN-SEA,SEA-IAD
DEN-SEA,SEA-DCA
DEN-SEA,SEA-STL
DEN-SEA,SEA-AUS
DEN-SEA,SEA-ONT
DEN-SEA,SEA-FAI
DEN-SEA,SEA-EWR
DEN-SEA,SEA-GEG
DEN-SEA,SEA-SAN
DEN-SEA,SEA-ANC
DEN-SEA,SEA-TUS
DEN-SEA,SEA-DTW
DEN-SEA,SEA-HNL
DEN-SEA,SEA-ATL
DEN-SEA,SEA-SAT
CDV-ANC,ANC-BET
CDV-ANC,ANC-FAI
CDV-ANC,ANC-PDX
CDV-ANC,ANC-JNU
CDV-ANC,ANC-OTZ
CDV-ANC,ANC-AKN
CDV-ANC,ANC-CDV
CDV-ANC,ANC-ADQ
CDV-ANC,ANC-OME
CDV-ANC,ANC-SEA
CDV-ANC,ANC-SCC
YAK-JNU,JNU-SEA
YAK-JNU,JNU-KTN
YAK-JNU,JNU-ANC
SLC-PDX,PDX-DFW
SLC-PDX,PDX-SFO
SLC-PDX,PDX-PHX
SLC-PDX,PDX-LAS
SLC-PDX,PDX-SNA
SLC-PDX,PDX-BOS
SLC-PDX,PDX-PSP
SLC-PDX,PDX-SAN
SLC-PDX,PDX-LAX
SLC-PDX,PDX-SJC
SEA-SJC,SJC-SEA
SEA-SJC,SJC-PDX
JNU-KTN,KTN-SEA
SEA-MSP,MSP-SEA
ORD-PDX,PDX-DFW
ORD-PDX,PDX-SJC
ORD-PDX,PDX-PHX
ORD-PDX,PDX-LAS
ORD-PDX,PDX-BOS
ORD-PDX,PDX-SAN
ORD-PDX,PDX-LAX
ORD-PDX,PDX-SNA
ORD-PDX,PDX-SFO
SEA-MSY,MSY-SEA
BRW-FAI,FAI-ANC
AUS-SEA,SEA-DFW
AUS-SEA,SEA-SNA
AUS-SEA,SEA-ORD
AUS-SEA,SEA-SJC
AUS-SEA,SEA-SLC
AUS-SEA,SEA-MSP
AUS-SEA,SEA-OAK
AUS-SEA,SEA-SFO
AUS-SEA,SEA-LIH
AUS-SEA,SEA-IAH
AUS-SEA,SEA-OGG
AUS-SEA,SEA-BUR
AUS-SEA,SEA-FAI
AUS-SEA,SEA-LAX
AUS-SEA,SEA-MCI
AUS-SEA,SEA-LAS
AUS-SEA,SEA-MCO
AUS-SEA,SEA-FLL
AUS-SEA,SEA-PHL
AUS-SEA,SEA-SMF
AUS-SEA,SEA-BOS
AUS-SEA,SEA-KOA
AUS-SEA,SEA-DEN
AUS-SEA,SEA-PHX
AUS-SEA,SEA-IAD
AUS-SEA,SEA-DCA
AUS-SEA,SEA-STL
AUS-SEA,SEA-AUS
AUS-SEA,SEA-ONT
AUS-SEA,SEA-PDX
AUS-SEA,SEA-EWR
AUS-SEA,SEA-GEG
AUS-SEA,SEA-SAN
AUS-SEA,SEA-ANC
AUS-SEA,SEA-TUS
AUS-SEA,SEA-DTW
AUS-SEA,SEA-HNL
AUS-SEA,SEA-ATL
SEA-BLI,BLI-SEA
DTW-SEA,SEA-SNA
DTW-SEA,SEA-ORD
DTW-SEA,SEA-SJC
DTW-SEA,SEA-MSP
DTW-SEA,SEA-OAK
DTW-SEA,SEA-SFO
DTW-SEA,SEA-LIH
DTW-SEA,SEA-JNU
DTW-SEA,SEA-OGG
DTW-SEA,SEA-BUR
DTW-SEA,SEA-PDX
DTW-SEA,SEA-LAX
DTW-SEA,SEA-LAS
DTW-SEA,SEA-MCO
DTW-SEA,SEA-FLL
DTW-SEA,SEA-KTN
DTW-SEA,SEA-PHL
DTW-SEA,SEA-SMF
DTW-SEA,SEA-BOS
DTW-SEA,SEA-KOA
DTW-SEA,SEA-DEN
DTW-SEA,SEA-PHX
DTW-SEA,SEA-IAD
DTW-SEA,SEA-DCA
DTW-SEA,SEA-ONT
DTW-SEA,SEA-FAI
DTW-SEA,SEA-GEG
DTW-SEA,SEA-SAN
DTW-SEA,SEA-ANC
DTW-SEA,SEA-HNL
SNA-PDX,PDX-PSP
SNA-PDX,PDX-SFO
SNA-PDX,PDX-PHX
SNA-PDX,PDX-LAS
SNA-PDX,PDX-BOS
SNA-PDX,PDX-DFW
SNA-PDX,PDX-SAN
SNA-PDX,PDX-LAX
SNA-PDX,PDX-SNA
SNA-PDX,PDX-SJC
PDX-SNA,SNA-PDX
PDX-SNA,SNA-SEA
SEA-BUR,BUR-SEA
SEA-FAI,FAI-ANC
SEA-FAI,FAI-SEA
TPA-SEA,SEA-DFW
TPA-SEA,SEA-SNA
TPA-SEA,SEA-ORD
TPA-SEA,SEA-SJC
TPA-SEA,SEA-SLC
TPA-SEA,SEA-MSP
TPA-SEA,SEA-OAK
TPA-SEA,SEA-SFO
TPA-SEA,SEA-LIH
TPA-SEA,SEA-AUS
TPA-SEA,SEA-BUR
TPA-SEA,SEA-PDX
TPA-SEA,SEA-LAX
TPA-SEA,SEA-MCI
TPA-SEA,SEA-LAS
TPA-SEA,SEA-MCO
TPA-SEA,SEA-FLL
TPA-SEA,SEA-PHL
TPA-SEA,SEA-SMF
TPA-SEA,SEA-BOS
TPA-SEA,SEA-KOA
TPA-SEA,SEA-DEN
TPA-SEA,SEA-PHX
TPA-SEA,SEA-PSP
TPA-SEA,SEA-IAD
TPA-SEA,SEA-DCA
TPA-SEA,SEA-ONT
TPA-SEA,SEA-FAI
TPA-SEA,SEA-EWR
TPA-SEA,SEA-GEG
TPA-SEA,SEA-SAN
TPA-SEA,SEA-ANC
TPA-SEA,SEA-TUS
TPA-SEA,SEA-DTW
TPA-SEA,SEA-HNL
TPA-SEA,SEA-ATL
KOA-SJC,SJC-SEA
KOA-SJC,SJC-PDX
SEA-MCI,MCI-SEA
MCO-SEA,SEA-DFW
MCO-SEA,SEA-SNA
MCO-SEA,SEA-ORD
MCO-SEA,SEA-SJC
MCO-SEA,SEA-SLC
MCO-SEA,SEA-MSP
MCO-SEA,SEA-OAK
MCO-SEA,SEA-SFO
MCO-SEA,SEA-MSY
MCO-SEA,SEA-LIH
MCO-SEA,SEA-JNU
MCO-SEA,SEA-AUS
MCO-SEA,SEA-BUR
MCO-SEA,SEA-PDX
MCO-SEA,SEA-LAX
MCO-SEA,SEA-LAS
MCO-SEA,SEA-MCO
MCO-SEA,SEA-FLL
MCO-SEA,SEA-PHL
MCO-SEA,SEA-SMF
MCO-SEA,SEA-BOS
MCO-SEA,SEA-KOA
MCO-SEA,SEA-DEN
MCO-SEA,SEA-PHX
MCO-SEA,SEA-PSP
MCO-SEA,SEA-IAD
MCO-SEA,SEA-DCA
MCO-SEA,SEA-STL
MCO-SEA,SEA-IAH
MCO-SEA,SEA-ONT
MCO-SEA,SEA-FAI
MCO-SEA,SEA-EWR
MCO-SEA,SEA-GEG
MCO-SEA,SEA-SAN
MCO-SEA,SEA-ANC
MCO-SEA,SEA-TUS
MCO-SEA,SEA-DTW
MCO-SEA,SEA-HNL
MCO-SEA,SEA-ATL
MCO-SEA,SEA-SAT
MCO-SEA,SEA-OGG
SEA-EWR,EWR-SEA
SEA-MCO,MCO-SAN
SEA-MCO,MCO-SEA
SEA-FLL,FLL-SEA
SEA-KTN,KTN-JNU
SEA-KTN,KTN-SEA
SEA-KTN,KTN-SIT
SEA-KTN,KTN-WRG
PSG-JNU,JNU-KTN
PSG-JNU,JNU-ANC
SEA-PHL,PHL-SEA
SMF-SEA,SEA-DFW
SMF-SEA,SEA-SNA
SMF-SEA,SEA-ORD
SMF-SEA,SEA-SJC
SMF-SEA,SEA-SLC
SMF-SEA,SEA-MSP
SMF-SEA,SEA-OAK
SMF-SEA,SEA-SFO
SMF-SEA,SEA-MSY
SMF-SEA,SEA-LIH
SMF-SEA,SEA-JNU
SMF-SEA,SEA-BLI
SMF-SEA,SEA-OGG
SMF-SEA,SEA-BUR
SMF-SEA,SEA-PDX
SMF-SEA,SEA-LAX
SMF-SEA,SEA-MCI
SMF-SEA,SEA-LAS
SMF-SEA,SEA-MCO
SMF-SEA,SEA-FLL
SMF-SEA,SEA-KTN
SMF-SEA,SEA-SIT
SMF-SEA,SEA-PHL
SMF-SEA,SEA-SMF
SMF-SEA,SEA-BOS
SMF-SEA,SEA-KOA
SMF-SEA,SEA-DEN
SMF-SEA,SEA-PHX
SMF-SEA,SEA-PSP
SMF-SEA,SEA-IAD
SMF-SEA,SEA-DCA
SMF-SEA,SEA-STL
SMF-SEA,SEA-IAH
SMF-SEA,SEA-ONT
SMF-SEA,SEA-FAI
SMF-SEA,SEA-EWR
SMF-SEA,SEA-GEG
SMF-SEA,SEA-SAN
SMF-SEA,SEA-ANC
SMF-SEA,SEA-TUS
SMF-SEA,SEA-AUS
SMF-SEA,SEA-DTW
SMF-SEA,SEA-HNL
SMF-SEA,SEA-ATL
SMF-SEA,SEA-SAT
LIH-OAK,OAK-HNL
LIH-OAK,OAK-SEA
LAS-BLI,BLI-HNL
LAS-BLI,BLI-SEA
SEA-SLC,SLC-SEA
DCA-PDX,PDX-BOS
DCA-PDX,PDX-PSP
DCA-PDX,PDX-SJC
DCA-PDX,PDX-PHX
DCA-PDX,PDX-LAS
DCA-PDX,PDX-SNA
DCA-PDX,PDX-DFW
DCA-PDX,PDX-SAN
DCA-PDX,PDX-LAX
DCA-PDX,PDX-SFO
SEA-PHX,PHX-PDX
SEA-PHX,PHX-SEA
JNU-YAK,YAK-CDV
SEA-DCA,DCA-PDX
SEA-STL,STL-SEA
SEA-IAH,IAH-SEA
KTN-SIT,SIT-JNU
HNL-SEA,SEA-DFW
HNL-SEA,SEA-SNA
HNL-SEA,SEA-ORD
HNL-SEA,SEA-SJC
HNL-SEA,SEA-MSP
HNL-SEA,SEA-OAK
HNL-SEA,SEA-SFO
HNL-SEA,SEA-MSY
HNL-SEA,SEA-LIH
HNL-SEA,SEA-JNU
HNL-SEA,SEA-BLI
HNL-SEA,SEA-OGG
HNL-SEA,SEA-BUR
HNL-SEA,SEA-FAI
HNL-SEA,SEA-LAX
HNL-SEA,SEA-MCI
HNL-SEA,SEA-LAS
HNL-SEA,SEA-MCO
HNL-SEA,SEA-FLL
HNL-SEA,SEA-KTN
HNL-SEA,SEA-PHL
HNL-SEA,SEA-SMF
HNL-SEA,SEA-BOS
HNL-SEA,SEA-KOA
HNL-SEA,SEA-DEN
HNL-SEA,SEA-PHX
HNL-SEA,SEA-PSP
HNL-SEA,SEA-IAD
HNL-SEA,SEA-DCA
HNL-SEA,SEA-STL
HNL-SEA,SEA-AUS
HNL-SEA,SEA-ONT
HNL-SEA,SEA-PDX
HNL-SEA,SEA-EWR
HNL-SEA,SEA-GEG
HNL-SEA,SEA-SAN
HNL-SEA,SEA-ANC
HNL-SEA,SEA-TUS
HNL-SEA,SEA-DTW
HNL-SEA,SEA-HNL
HNL-SEA,SEA-ATL
SEA-GEG,GEG-SEA
JNU-GST,GST-JNU
ANC-FAI,FAI-ANC
ANC-FAI,FAI-SEA
STL-SEA,SEA-DFW
STL-SEA,SEA-SNA
STL-SEA,SEA-ORD
STL-SEA,SEA-SJC
STL-SEA,SEA-SLC
STL-SEA,SEA-MSP
STL-SEA,SEA-OAK
STL-SEA,SEA-SFO
STL-SEA,SEA-MSY
STL-SEA,SEA-IAH
STL-SEA,SEA-OGG
STL-SEA,SEA-BUR
STL-SEA,SEA-PDX
STL-SEA,SEA-LAX
STL-SEA,SEA-MCI
STL-SEA,SEA-LAS
STL-SEA,SEA-MCO
STL-SEA,SEA-FLL
STL-SEA,SEA-PHL
STL-SEA,SEA-SMF
STL-SEA,SEA-BOS
STL-SEA,SEA-KOA
STL-SEA,SEA-DEN
STL-SEA,SEA-PHX
STL-SEA,SEA-PSP
STL-SEA,SEA-IAD
STL-SEA,SEA-DCA
STL-SEA,SEA-STL
STL-SEA,SEA-AUS
STL-SEA,SEA-ONT
STL-SEA,SEA-FAI
STL-SEA,SEA-EWR
STL-SEA,SEA-GEG
STL-SEA,SEA-SAN
STL-SEA,SEA-ANC
STL-SEA,SEA-TUS
STL-SEA,SEA-DTW
STL-SEA,SEA-HNL
STL-SEA,SEA-ATL
STL-SEA,SEA-SAT
JNU-SEA,SEA-DFW
JNU-SEA,SEA-SNA
JNU-SEA,SEA-ORD
JNU-SEA,SEA-SJC
JNU-SEA,SEA-SLC
JNU-SEA,SEA-MSP
JNU-SEA,SEA-OAK
JNU-SEA,SEA-SFO
JNU-SEA,SEA-MSY
JNU-SEA,SEA-LIH
JNU-SEA,SEA-JNU
JNU-SEA,SEA-BLI
JNU-SEA,SEA-OGG
JNU-SEA,SEA-BUR
JNU-SEA,SEA-PDX
JNU-SEA,SEA-LAX
JNU-SEA,SEA-MCI
JNU-SEA,SEA-LAS
JNU-SEA,SEA-MCO
JNU-SEA,SEA-FLL
JNU-SEA,SEA-KTN
JNU-SEA,SEA-SIT
JNU-SEA,SEA-SMF
JNU-SEA,SEA-BOS
JNU-SEA,SEA-KOA
JNU-SEA,SEA-DEN
JNU-SEA,SEA-PHX
JNU-SEA,SEA-PSP
JNU-SEA,SEA-AUS
JNU-SEA,SEA-STL
JNU-SEA,SEA-IAH
JNU-SEA,SEA-ONT
JNU-SEA,SEA-FAI
JNU-SEA,SEA-EWR
JNU-SEA,SEA-GEG
JNU-SEA,SEA-SAN
JNU-SEA,SEA-ANC
JNU-SEA,SEA-TUS
JNU-SEA,SEA-HNL
JNU-SEA,SEA-ATL
DFW-PDX,PDX-DFW
DFW-PDX,PDX-SFO
DFW-PDX,PDX-PHX
DFW-PDX,PDX-LAS
DFW-PDX,PDX-SNA
DFW-PDX,PDX-BOS
DFW-PDX,PDX-SAN
DFW-PDX,PDX-LAX
DFW-PDX,PDX-SJC
OGG-PDX,PDX-LAS
OGG-PDX,PDX-PSP
OGG-PDX,PDX-SJC
OGG-PDX,PDX-PHX
OGG-PDX,PDX-BOS
OGG-PDX,PDX-SNA
OGG-PDX,PDX-DFW
OGG-PDX,PDX-SAN
OGG-PDX,PDX-LAX
OGG-PDX,PDX-SFO
HNL-SAN,SAN-SEA
HNL-SAN,SAN-PDX
IAD-SEA,SEA-DFW
IAD-SEA,SEA-SNA
IAD-SEA,SEA-ORD
IAD-SEA,SEA-SJC
IAD-SEA,SEA-SLC
IAD-SEA,SEA-MSP
IAD-SEA,SEA-OAK
IAD-SEA,SEA-SFO
IAD-SEA,SEA-MSY
IAD-SEA,SEA-LIH
IAD-SEA,SEA-OGG
IAD-SEA,SEA-BUR
IAD-SEA,SEA-PDX
IAD-SEA,SEA-LAX
IAD-SEA,SEA-MCI
IAD-SEA,SEA-LAS
IAD-SEA,SEA-MCO
IAD-SEA,SEA-FLL
IAD-SEA,SEA-PHL
IAD-SEA,SEA-SMF
IAD-SEA,SEA-BOS
IAD-SEA,SEA-KOA
IAD-SEA,SEA-DEN
IAD-SEA,SEA-PHX
IAD-SEA,SEA-PSP
IAD-SEA,SEA-IAD
IAD-SEA,SEA-DCA
IAD-SEA,SEA-AUS
IAD-SEA,SEA-ONT
IAD-SEA,SEA-FAI
IAD-SEA,SEA-EWR
IAD-SEA,SEA-GEG
IAD-SEA,SEA-SAN
IAD-SEA,SEA-ANC
IAD-SEA,SEA-TUS
IAD-SEA,SEA-DTW
IAD-SEA,SEA-HNL
IAD-SEA,SEA-ATL
IAD-SEA,SEA-SAT
SAN-PDX,PDX-PSP
SAN-PDX,PDX-SFO
SAN-PDX,PDX-PHX
SAN-PDX,PDX-LAS
SAN-PDX,PDX-SNA
SAN-PDX,PDX-BOS
SAN-PDX,PDX-DFW
SAN-PDX,PDX-SAN
SAN-PDX,PDX-LAX
SAN-PDX,PDX-SJC
OTZ-ANC,ANC-BET
OTZ-ANC,ANC-FAI
OTZ-ANC,ANC-PDX
OTZ-ANC,ANC-OTZ
OTZ-ANC,ANC-AKN
OTZ-ANC,ANC-JNU
OTZ-ANC,ANC-ADQ
OTZ-ANC,ANC-OME
OTZ-ANC,ANC-SEA
OTZ-ANC,ANC-CDV
OTZ-ANC,ANC-SCC
PDX-SAN,SAN-PDX
PDX-SAN,SAN-SEA
LAX-SEA,SEA-DFW
LAX-SEA,SEA-SNA
LAX-SEA,SEA-ORD
LAX-SEA,SEA-SJC
LAX-SEA,SEA-SLC
LAX-SEA,SEA-MSP
LAX-SEA,SEA-OAK
LAX-SEA,SEA-SFO
LAX-SEA,SEA-MSY
LAX-SEA,SEA-LIH
LAX-SEA,SEA-JNU
LAX-SEA,SEA-BLI
LAX-SEA,SEA-AUS
LAX-SEA,SEA-BUR
LAX-SEA,SEA-PDX
LAX-SEA,SEA-LAX
LAX-SEA,SEA-MCI
LAX-SEA,SEA-LAS
LAX-SEA,SEA-MCO
LAX-SEA,SEA-FLL
LAX-SEA,SEA-KTN
LAX-SEA,SEA-SIT
LAX-SEA,SEA-PHL
LAX-SEA,SEA-SMF
LAX-SEA,SEA-BOS
LAX-SEA,SEA-KOA
LAX-SEA,SEA-DEN
LAX-SEA,SEA-PHX
LAX-SEA,SEA-PSP
LAX-SEA,SEA-IAD
LAX-SEA,SEA-DCA
LAX-SEA,SEA-STL
LAX-SEA,SEA-IAH
LAX-SEA,SEA-ONT
LAX-SEA,SEA-FAI
LAX-SEA,SEA-EWR
LAX-SEA,SEA-GEG
LAX-SEA,SEA-SAN
LAX-SEA,SEA-ANC
LAX-SEA,SEA-TUS
LAX-SEA,SEA-DTW
LAX-SEA,SEA-HNL
LAX-SEA,SEA-ATL
LAX-SEA,SEA-SAT
LAX-SEA,SEA-OGG
SEA-DFW,DFW-PDX
SEA-DFW,DFW-SEA
EWR-SEA,SEA-DFW
EWR-SEA,SEA-SNA
EWR-SEA,SEA-ORD
EWR-SEA,SEA-SJC
EWR-SEA,SEA-MSP
EWR-SEA,SEA-OAK
EWR-SEA,SEA-SFO
EWR-SEA,SEA-MSY
EWR-SEA,SEA-JNU
EWR-SEA,SEA-AUS
EWR-SEA,SEA-BUR
EWR-SEA,SEA-FAI
EWR-SEA,SEA-LAX
EWR-SEA,SEA-MCI
EWR-SEA,SEA-LAS
EWR-SEA,SEA-MCO
EWR-SEA,SEA-PHL
EWR-SEA,SEA-SMF
EWR-SEA,SEA-BOS
EWR-SEA,SEA-KOA
EWR-SEA,SEA-DEN
EWR-SEA,SEA-PHX
EWR-SEA,SEA-PSP
EWR-SEA,SEA-IAD
EWR-SEA,SEA-DCA
EWR-SEA,SEA-STL
EWR-SEA,SEA-IAH
EWR-SEA,SEA-ONT
EWR-SEA,SEA-PDX
EWR-SEA,SEA-EWR
EWR-SEA,SEA-GEG
EWR-SEA,SEA-SAN
EWR-SEA,SEA-ANC
EWR-SEA,SEA-TUS
EWR-SEA,SEA-DTW
EWR-SEA,SEA-HNL
EWR-SEA,SEA-ATL
EWR-SEA,SEA-SAT
EWR-SEA,SEA-OGG
SEA-ORD,ORD-ANC
SEA-ORD,ORD-SEA
LAX-PDX,PDX-PSP
LAX-PDX,PDX-DFW
LAX-PDX,PDX-SFO
LAX-PDX,PDX-PHX
LAX-PDX,PDX-LAS
LAX-PDX,PDX-SNA
LAX-PDX,PDX-BOS
LAX-PDX,PDX-SAN
LAX-PDX,PDX-LAX
LAX-PDX,PDX-SJC
PHX-PDX,PDX-PSP
PHX-PDX,PDX-SFO
PHX-PDX,PDX-PHX
PHX-PDX,PDX-DFW
PHX-PDX,PDX-LAS
PHX-PDX,PDX-SNA
PHX-PDX,PDX-SAN
PHX-PDX,PDX-LAX
PHX-PDX,PDX-SJC
OGG-SAN,SAN-SEA
OGG-SAN,SAN-PDX
BLI-HNL,HNL-SEA
SEA-OAK,OAK-HNL
SEA-OAK,OAK-SEA
GST-JNU,JNU-ANC
PSP-SEA,SEA-DFW
PSP-SEA,SEA-SNA
PSP-SEA,SEA-ORD
PSP-SEA,SEA-SJC
PSP-SEA,SEA-SLC
PSP-SEA,SEA-MSP
PSP-SEA,SEA-OAK
PSP-SEA,SEA-SFO
PSP-SEA,SEA-DCA
PSP-SEA,SEA-MSY
PSP-SEA,SEA-LIH
PSP-SEA,SEA-JNU
PSP-SEA,SEA-BLI
PSP-SEA,SEA-AUS
PSP-SEA,SEA-BUR
PSP-SEA,SEA-PDX
PSP-SEA,SEA-LAX
PSP-SEA,SEA-MCI
PSP-SEA,SEA-LAS
PSP-SEA,SEA-MCO
PSP-SEA,SEA-KTN
PSP-SEA,SEA-PHL
PSP-SEA,SEA-SMF
PSP-SEA,SEA-BOS
PSP-SEA,SEA-KOA
PSP-SEA,SEA-DEN
PSP-SEA,SEA-PHX
PSP-SEA,SEA-PSP
PSP-SEA,SEA-IAD
PSP-SEA,SEA-OGG
PSP-SEA,SEA-STL
PSP-SEA,SEA-IAH
PSP-SEA,SEA-ONT
PSP-SEA,SEA-FAI
PSP-SEA,SEA-EWR
PSP-SEA,SEA-GEG
PSP-SEA,SEA-SAN
PSP-SEA,SEA-ANC
PSP-SEA,SEA-TUS
PSP-SEA,SEA-DTW
PSP-SEA,SEA-HNL
PSP-SEA,SEA-ATL
PSP-SEA,SEA-SAT
DFW-SEA,SEA-DFW
DFW-SEA,SEA-SNA
DFW-SEA,SEA-ORD
DFW-SEA,SEA-SJC
DFW-SEA,SEA-SLC
DFW-SEA,SEA-MSP
DFW-SEA,SEA-OAK
DFW-SEA,SEA-SFO
DFW-SEA,SEA-DCA
DFW-SEA,SEA-LIH
DFW-SEA,SEA-JNU
DFW-SEA,SEA-BLI
DFW-SEA,SEA-OGG
DFW-SEA,SEA-BUR
DFW-SEA,SEA-PDX
DFW-SEA,SEA-LAX
DFW-SEA,SEA-MCI
DFW-SEA,SEA-LAS
DFW-SEA,SEA-MCO
DFW-SEA,SEA-FLL
DFW-SEA,SEA-PHL
DFW-SEA,SEA-SMF
DFW-SEA,SEA-BOS
DFW-SEA,SEA-KOA
DFW-SEA,SEA-DEN
DFW-SEA,SEA-PHX
DFW-SEA,SEA-PSP
DFW-SEA,SEA-AUS
DFW-SEA,SEA-STL
DFW-SEA,SEA-ONT
DFW-SEA,SEA-FAI
DFW-SEA,SEA-EWR
DFW-SEA,SEA-GEG
DFW-SEA,SEA-SAN
DFW-SEA,SEA-ANC
DFW-SEA,SEA-TUS
DFW-SEA,SEA-DTW
DFW-SEA,SEA-HNL
DFW-SEA,SEA-ATL
DFW-SEA,SEA-SAT
KTN-SEA,SEA-DFW
KTN-SEA,SEA-SNA
KTN-SEA,SEA-ORD
KTN-SEA,SEA-SJC
KTN-SEA,SEA-SLC
KTN-SEA,SEA-OAK
KTN-SEA,SEA-SFO
KTN-SEA,SEA-LIH
KTN-SEA,SEA-JNU
KTN-SEA,SEA-BLI
KTN-SEA,SEA-OGG
KTN-SEA,SEA-BUR
KTN-SEA,SEA-PDX
KTN-SEA,SEA-LAX
KTN-SEA,SEA-LAS
KTN-SEA,SEA-KTN
KTN-SEA,SEA-SIT
KTN-SEA,SEA-SMF
KTN-SEA,SEA-BOS
KTN-SEA,SEA-KOA
KTN-SEA,SEA-DEN
KTN-SEA,SEA-PHX
KTN-SEA,SEA-PSP
KTN-SEA,SEA-DCA
KTN-SEA,SEA-ONT
KTN-SEA,SEA-FAI
KTN-SEA,SEA-EWR
KTN-SEA,SEA-GEG
KTN-SEA,SEA-SAN
KTN-SEA,SEA-ANC
KTN-SEA,SEA-HNL
LIH-SJC,SJC-SEA
LIH-SJC,SJC-PDX
SEA-AUS,AUS-SEA
BOS-SEA,SEA-DFW
BOS-SEA,SEA-SNA
BOS-SEA,SEA-ORD
BOS-SEA,SEA-SJC
BOS-SEA,SEA-SLC
BOS-SEA,SEA-MSP
BOS-SEA,SEA-OAK
BOS-SEA,SEA-SFO
BOS-SEA,SEA-DCA
BOS-SEA,SEA-MSY
BOS-SEA,SEA-LIH
BOS-SEA,SEA-JNU
BOS-SEA,SEA-OGG
BOS-SEA,SEA-BUR
BOS-SEA,SEA-PDX
BOS-SEA,SEA-LAX
BOS-SEA,SEA-MCI
BOS-SEA,SEA-LAS
BOS-SEA,SEA-MCO
BOS-SEA,SEA-FLL
BOS-SEA,SEA-KTN
BOS-SEA,SEA-PHL
BOS-SEA,SEA-SMF
BOS-SEA,SEA-BOS
BOS-SEA,SEA-KOA
BOS-SEA,SEA-DEN
BOS-SEA,SEA-PHX
BOS-SEA,SEA-PSP
BOS-SEA,SEA-AUS
BOS-SEA,SEA-STL
BOS-SEA,SEA-IAH
BOS-SEA,SEA-ONT
BOS-SEA,SEA-FAI
BOS-SEA,SEA-EWR
BOS-SEA,SEA-GEG
BOS-SEA,SEA-SAN
BOS-SEA,SEA-ANC
BOS-SEA,SEA-DTW
BOS-SEA,SEA-HNL
BOS-SEA,SEA-ATL
BOS-SEA,SEA-SAT
BWI-SEA,SEA-DFW
BWI-SEA,SEA-SNA
BWI-SEA,SEA-ORD
BWI-SEA,SEA-SJC
BWI-SEA,SEA-SLC
BWI-SEA,SEA-MSP
BWI-SEA,SEA-OAK
BWI-SEA,SEA-SFO
BWI-SEA,SEA-MSY
BWI-SEA,SEA-LIH
BWI-SEA,SEA-OGG
BWI-SEA,SEA-BUR
BWI-SEA,SEA-PDX
BWI-SEA,SEA-LAX
BWI-SEA,SEA-MCI
BWI-SEA,SEA-LAS
BWI-SEA,SEA-MCO
BWI-SEA,SEA-SMF
BWI-SEA,SEA-BOS
BWI-SEA,SEA-DEN
BWI-SEA,SEA-PHX
BWI-SEA,SEA-IAD
BWI-SEA,SEA-DCA
BWI-SEA,SEA-STL
BWI-SEA,SEA-IAH
BWI-SEA,SEA-ONT
BWI-SEA,SEA-FAI
BWI-SEA,SEA-EWR
BWI-SEA,SEA-GEG
BWI-SEA,SEA-SAN
BWI-SEA,SEA-ANC
BWI-SEA,SEA-TUS
BWI-SEA,SEA-DTW
BWI-SEA,SEA-HNL
ANC-PDX,PDX-LAS
ANC-PDX,PDX-SFO
ANC-PDX,PDX-PHX
ANC-PDX,PDX-DFW
ANC-PDX,PDX-BOS
ANC-PDX,PDX-SNA
ANC-PDX,PDX-PSP
ANC-PDX,PDX-SAN
ANC-PDX,PDX-LAX
ANC-PDX,PDX-SJC
GEG-SEA,SEA-DFW
GEG-SEA,SEA-SNA
GEG-SEA,SEA-ORD
GEG-SEA,SEA-SJC
GEG-SEA,SEA-SLC
GEG-SEA,SEA-MSP
GEG-SEA,SEA-OAK
GEG-SEA,SEA-SFO
GEG-SEA,SEA-LIH
GEG-SEA,SEA-JNU
GEG-SEA,SEA-BLI
GEG-SEA,SEA-AUS
GEG-SEA,SEA-BUR
GEG-SEA,SEA-FAI
GEG-SEA,SEA-LAX
GEG-SEA,SEA-MCI
GEG-SEA,SEA-LAS
GEG-SEA,SEA-MCO
GEG-SEA,SEA-FLL
GEG-SEA,SEA-KTN
GEG-SEA,SEA-SIT
GEG-SEA,SEA-PHL
GEG-SEA,SEA-SMF
GEG-SEA,SEA-BOS
GEG-SEA,SEA-KOA
GEG-SEA,SEA-DEN
GEG-SEA,SEA-PHX
GEG-SEA,SEA-PSP
GEG-SEA,SEA-IAD
GEG-SEA,SEA-DCA
GEG-SEA,SEA-STL
GEG-SEA,SEA-IAH
GEG-SEA,SEA-ONT
GEG-SEA,SEA-PDX
GEG-SEA,SEA-EWR
GEG-SEA,SEA-GEG
GEG-SEA,SEA-SAN
GEG-SEA,SEA-ANC
GEG-SEA,SEA-TUS
GEG-SEA,SEA-DTW
GEG-SEA,SEA-HNL
GEG-SEA,SEA-ATL
GEG-SEA,SEA-SAT
GEG-SEA,SEA-OGG
PDX-PHX,PHX-PDX
PDX-PHX,PHX-SEA
ANC-JNU,JNU-KTN
ANC-JNU,JNU-SIT
ANC-JNU,JNU-PSG
ANC-JNU,JNU-SEA
ANC-JNU,JNU-ANC
JFK-SEA,SEA-GEG
JFK-SEA,SEA-AUS
JFK-SEA,SEA-ANC
JFK-SEA,SEA-SMF
JFK-SEA,SEA-ORD
JFK-SEA,SEA-PHX
JFK-SEA,SEA-LAX
JFK-SEA,SEA-SFO
JFK-SEA,SEA-LAS
JFK-SEA,SEA-MSY
JFK-SEA,SEA-SAT
JFK-SEA,SEA-STL
JFK-SEA,SEA-IAH
JFK-SEA,SEA-JNU
OME-OTZ,OTZ-ANC
MSY-SEA,SEA-DFW
MSY-SEA,SEA-SNA
MSY-SEA,SEA-ORD
MSY-SEA,SEA-SJC
MSY-SEA,SEA-SLC
MSY-SEA,SEA-MSP
MSY-SEA,SEA-OAK
MSY-SEA,SEA-SFO
MSY-SEA,SEA-MSY
MSY-SEA,SEA-LIH
MSY-SEA,SEA-JNU
MSY-SEA,SEA-OGG
MSY-SEA,SEA-BUR
MSY-SEA,SEA-PDX
MSY-SEA,SEA-LAX
MSY-SEA,SEA-MCI
MSY-SEA,SEA-LAS
MSY-SEA,SEA-MCO
MSY-SEA,SEA-FLL
MSY-SEA,SEA-PHL
MSY-SEA,SEA-SMF
MSY-SEA,SEA-BOS
MSY-SEA,SEA-KOA
MSY-SEA,SEA-DEN
MSY-SEA,SEA-PHX
MSY-SEA,SEA-PSP
MSY-SEA,SEA-IAD
MSY-SEA,SEA-DCA
MSY-SEA,SEA-AUS
MSY-SEA,SEA-ONT
MSY-SEA,SEA-FAI
MSY-SEA,SEA-EWR
MSY-SEA,SEA-GEG
MSY-SEA,SEA-SAN
MSY-SEA,SEA-ANC
MSY-SEA,SEA-TUS
MSY-SEA,SEA-DTW
MSY-SEA,SEA-HNL
MSY-SEA,SEA-ATL
JNU-PSG,PSG-WRG
SIT-SEA,SEA-SNA
SIT-SEA,SEA-ORD
SIT-SEA,SEA-SJC
SIT-SEA,SEA-SLC
SIT-SEA,SEA-MSP
SIT-SEA,SEA-OAK
SIT-SEA,SEA-SFO
SIT-SEA,SEA-MSY
SIT-SEA,SEA-LIH
SIT-SEA,SEA-JNU
SIT-SEA,SEA-BLI
SIT-SEA,SEA-OGG
SIT-SEA,SEA-BUR
SIT-SEA,SEA-LAX
SIT-SEA,SEA-LAS
SIT-SEA,SEA-KTN
SIT-SEA,SEA-SIT
SIT-SEA,SEA-SMF
SIT-SEA,SEA-KOA
SIT-SEA,SEA-DEN
SIT-SEA,SEA-PHX
SIT-SEA,SEA-DCA
SIT-SEA,SEA-STL
SIT-SEA,SEA-FAI
SIT-SEA,SEA-GEG
SIT-SEA,SEA-SAN
SIT-SEA,SEA-ANC
SIT-SEA,SEA-HNL
AKN-ANC,ANC-BET
AKN-ANC,ANC-PDX
AKN-ANC,ANC-OTZ
AKN-ANC,ANC-JNU
AKN-ANC,ANC-SEA
PSP-SFO,SFO-PDX
PSP-SFO,SFO-SLC
PSP-SFO,SFO-SEA
OAK-HNL,HNL-SAN
OAK-HNL,HNL-SEA
OAK-HNL,HNL-SJC
PDX-SJC,SJC-SEA
PDX-SJC,SJC-PDX
SEA-BOS,BOS-SEA
SEA-BOS,BOS-SAN
OME-ANC,ANC-OTZ
OME-ANC,ANC-BET
OME-ANC,ANC-FAI
OME-ANC,ANC-PDX
OME-ANC,ANC-JNU
OME-ANC,ANC-AKN
OME-ANC,ANC-CDV
OME-ANC,ANC-ADQ
OME-ANC,ANC-OME
OME-ANC,ANC-SEA
OME-ANC,ANC-LAX
OME-ANC,ANC-SCC
PSG-WRG,WRG-KTN
MCO-SAN,SAN-PDX
MCO-SAN,SAN-SEA
OGG-SJC,SJC-SEA
OGG-SJC,SJC-PDX
SEA-SAN,SAN-SEA
SEA-SAN,SAN-PDX
BOS-SAN,SAN-SEA
BOS-SAN,SAN-PDX
SIT-KTN,KTN-SEA
SFO-PDX,PDX-PSP
SFO-PDX,PDX-SJC
SFO-PDX,PDX-PHX
SFO-PDX,PDX-LAS
SFO-PDX,PDX-BOS
SFO-PDX,PDX-DFW
SFO-PDX,PDX-SAN
SFO-PDX,PDX-LAX
SFO-PDX,PDX-SNA
SFO-PDX,PDX-SFO
HNL-OAK,OAK-HNL
HNL-OAK,OAK-SEA
BRW-ANC,ANC-BET
BRW-ANC,ANC-FAI
BRW-ANC,ANC-PDX
BRW-ANC,ANC-JNU
BRW-ANC,ANC-OTZ
BRW-ANC,ANC-ADQ
BRW-ANC,ANC-OME
BRW-ANC,ANC-SEA
BRW-ANC,ANC-LAX
BRW-ANC,ANC-SCC
PDX-LAS,LAS-PDX
PDX-LAS,LAS-SEA
SEA-SAT,SAT-SEA
PHL-SEA,SEA-DFW
PHL-SEA,SEA-SNA
PHL-SEA,SEA-ORD
PHL-SEA,SEA-SJC
PHL-SEA,SEA-SLC
PHL-SEA,SEA-MSP
PHL-SEA,SEA-OAK
PHL-SEA,SEA-SFO
PHL-SEA,SEA-MSY
PHL-SEA,SEA-LIH
PHL-SEA,SEA-JNU
PHL-SEA,SEA-BLI
PHL-SEA,SEA-OGG
PHL-SEA,SEA-BUR
PHL-SEA,SEA-FAI
PHL-SEA,SEA-LAX
PHL-SEA,SEA-MCI
PHL-SEA,SEA-LAS
PHL-SEA,SEA-MCO
PHL-SEA,SEA-FLL
PHL-SEA,SEA-PHL
PHL-SEA,SEA-SMF
PHL-SEA,SEA-BOS
PHL-SEA,SEA-KOA
PHL-SEA,SEA-DEN
PHL-SEA,SEA-PHX
PHL-SEA,SEA-IAD
PHL-SEA,SEA-DCA
PHL-SEA,SEA-AUS
PHL-SEA,SEA-ONT
PHL-SEA,SEA-PDX
PHL-SEA,SEA-EWR
PHL-SEA,SEA-GEG
PHL-SEA,SEA-SAN
PHL-SEA,SEA-ANC
PHL-SEA,SEA-TUS
PHL-SEA,SEA-DTW
PHL-SEA,SEA-HNL
PHL-SEA,SEA-ATL
PHL-SEA,SEA-SAT
PDX-LAX,LAX-DCA
PDX-LAX,LAX-BWI
PDX-LAX,LAX-SEA
PDX-LAX,LAX-ANC
PDX-LAX,LAX-PDX
PDX-LAX,LAX-SLC
